<?xml version="1.0" encoding="UTF-8"?>
<project name="idlua-8-15" default="plugin.build.jar.idlua">

    <!-- Compiler options -->

    <property name="compiler.debug" value="on"/>
    <property name="compiler.generate.no.warnings" value="off"/>
    <property name="compiler.args" value=""/>
    <property name="compiler.max.memory" value="256m"/>
    <patternset id="ignored.files">
        <exclude name="**/CVS/**"/>
        <exclude name="**/SCCS/**"/>
        <exclude name="**/RCS/**"/>
        <exclude name="**/rcs/**"/>
        <exclude name="**/.DS_Store/**"/>
        <exclude name="**/.svn/**"/>
        <exclude name="**/.pyc/**"/>
        <exclude name="**/.pyo/**"/>
        <exclude name="**/*.pyc/**"/>
        <exclude name="**/*.pyo/**"/>
        <exclude name="**/.git/**"/>
        <exclude name="**/*.hprof/**"/>
        <exclude name="**/_svn/**"/>
        <exclude name="**/.hg/**"/>
        <exclude name="**/.sbas/**"/>
        <exclude name="**/.IJI.*/**"/>
        <exclude name="**/vssver.scc/**"/>
        <exclude name="**/vssver2.scc/**"/>
    </patternset>
    <patternset id="library.patterns">
        <include name="*.war"/>
        <include name="*.ear"/>
        <include name="*.zip"/>
        <include name="*.swc"/>
        <include name="*.egg"/>
        <include name="*.jar"/>
    </patternset>
    <patternset id="compiler.resources">
        <include name="**/?*.properties"/>
        <include name="**/?*.xml"/>
        <include name="**/?*.gif"/>
        <include name="**/?*.png"/>
        <include name="**/?*.jpeg"/>
        <include name="**/?*.jpg"/>
        <include name="**/?*.html"/>
        <include name="**/?*.dtd"/>
        <include name="**/?*.tld"/>
        <include name="**/?*.ftl"/>
    </patternset>


    <!-- Global Libraries -->

    <!-- Modules -->


    <!-- Module IDLuaErrors -->

    <dirname property="module.idluaerrors.basedir" file="${ant.file}"/>


    <property name="compiler.args.idluaerrors" value="${compiler.args}"/>

    <property name="idluaerrors.output.dir" value="${module.idluaerrors.basedir}/out/production/IDLuaErrors"/>
    <property name="idluaerrors.testoutput.dir" value="${module.idluaerrors.basedir}/out/test/IDLuaErrors"/>

    <property name="stdlibrary.output.dir" value="${module.idluaerrors.basedir}/out/production/IDLua/stdlibrary"/>
    <property name="mobdebug.output.dir" value="${module.idluaerrors.basedir}/out/production/IDLua/mobdebug"/>
    <property name="listing.output.dir" value="${module.idluaerrors.basedir}/out/production/IDLua/listing"/>
    <path id="idluaerrors.module.bootclasspath">
        <!-- Paths to be included in compilation bootclasspath -->
    </path>

    <path id="idluaerrors.module.production.classpath"/>

    <path id="idluaerrors.runtime.production.module.classpath">
        <pathelement location="${idluaerrors.output.dir}"/>
    </path>

    <path id="idluaerrors.module.classpath">
        <pathelement location="${idluaerrors.output.dir}"/>
    </path>

    <path id="idluaerrors.runtime.module.classpath">
        <pathelement location="${idluaerrors.output.dir}"/>
        <pathelement location="${idluaerrors.testoutput.dir}"/>
    </path>


    <patternset id="excluded.from.module.idluaerrors">
        <patternset refid="ignored.files"/>
    </patternset>

    <patternset id="excluded.from.compilation.idluaerrors">
        <patternset refid="excluded.from.module.idluaerrors"/>
    </patternset>

    <path id="idluaerrors.module.sourcepath">
        <dirset dir="${module.idluaerrors.basedir}">
            <include name="err"/>
        </dirset>
    </path>


    <target name="clean.module.idluaerrors" description="cleanup module">
        <delete dir="${idluaerrors.output.dir}"/>
        <delete dir="${idluaerrors.testoutput.dir}"/>
    </target>


    <!-- Module IDLuaHelp -->

    <dirname property="module.idluahelp.basedir" file="${ant.file}"/>


    <property name="compiler.args.idluahelp" value="${compiler.args}"/>

    <property name="idluahelp.output.dir" value="${module.idluahelp.basedir}/out/production/IDLuaHelp"/>
    <property name="idluahelp.testoutput.dir" value="${module.idluahelp.basedir}/out/test/IDLuaHelp"/>

    <path id="idluahelp.module.bootclasspath">
        <!-- Paths to be included in compilation bootclasspath -->
    </path>

    <path id="idluahelp.module.production.classpath"/>

    <path id="idluahelp.runtime.production.module.classpath">
        <pathelement location="${idluahelp.output.dir}"/>
    </path>

    <path id="idluahelp.module.classpath">
        <pathelement location="${idluahelp.output.dir}"/>
    </path>

    <path id="idluahelp.runtime.module.classpath">
        <pathelement location="${idluahelp.output.dir}"/>
        <pathelement location="${idluahelp.testoutput.dir}"/>
    </path>


    <patternset id="excluded.from.module.idluahelp">
        <patternset refid="ignored.files"/>
    </patternset>

    <patternset id="excluded.from.compilation.idluahelp">
        <patternset refid="excluded.from.module.idluahelp"/>
    </patternset>


    <target name="compile.module.idluahelp" depends="compile.module.idluahelp.production,
    compile.module.idluahelp.tests"
            description="Compile module IDLuaHelp"/>

    <target name="compile.module.idluahelp.production" description="Compile module IDLuaHelp; production classes"/>

    <target name="compile.module.idluahelp.tests" depends="compile.module.idluahelp.production"
            description="compile module IDLuaHelp; test classes" unless="skip.tests"/>

    <target name="clean.module.idluahelp" description="cleanup module">
        <delete dir="${idluahelp.output.dir}"/>
        <delete dir="${idluahelp.testoutput.dir}"/>
    </target>


    <!-- Module IDLua -->

    <dirname property="module.idlua.basedir" file="${ant.file}"/>


    <property name="compiler.args.idlua" value="${compiler.args}"/>

    <property name="idlua.output.dir" value="${module.idlua.basedir}/out/production/IDLua"/>
    <property name="idlua.testoutput.dir" value="${module.idlua.basedir}/out/test/IDLua"/>

    <path id="idlua.module.bootclasspath">
        <!-- Paths to be included in compilation bootclasspath -->
    </path>

    <path id="idlua.module.production.classpath">
        <pathelement location="${basedir}/lib/kahlua-core.jar"/>
        <pathelement location="${basedir}/lib/kahlua-j2se.jar"/>
        <pathelement location="${basedir}/lib/luaj-jse-3.0.jar"/>
        <pathelement location="${basedir}/lib/jsyntaxpane-0.9.5.jar"/>
        <pathelement location="${basedir}/lib/asm-5.0.4.jar"/>
        <pathelement location="${basedir}/lib/asm-analysis-5.0.4.jar"/>
        <pathelement location="${basedir}/lib/asm-tree-5.0.4.jar"/>
        <pathelement location="${basedir}/lib/asm-util-5.0.4.jar"/>
        <pathelement location="${basedir}/lib/parboiled-core-1.1.7.jar"/>
        <pathelement location="${basedir}/lib/parboiled-java-1.1.7.jar"/>
        <pathelement location="${basedir}/lib/pegdown-1.6.0.jar"/>
        <pathelement location="${idluaerrors.output.dir}"/>
        <pathelement location="${idluahelp.output.dir}"/>
    </path>

    <path id="idlua.runtime.production.module.classpath">
        <pathelement location="${idlua.output.dir}"/>
        <pathelement location="${basedir}/lib/kahlua-core.jar"/>
        <pathelement location="${basedir}/lib/kahlua-j2se.jar"/>
        <pathelement location="${basedir}/lib/luaj-jse-3.0.jar"/>
        <pathelement location="${basedir}/lib/jsyntaxpane-0.9.5.jar"/>
        <pathelement location="${basedir}/lib/asm-5.0.4.jar"/>
        <pathelement location="${basedir}/lib/asm-analysis-5.0.4.jar"/>
        <pathelement location="${basedir}/lib/asm-tree-5.0.4.jar"/>
        <pathelement location="${basedir}/lib/asm-util-5.0.4.jar"/>
        <pathelement location="${basedir}/lib/parboiled-core-1.1.7.jar"/>
        <pathelement location="${basedir}/lib/parboiled-java-1.1.7.jar"/>
        <pathelement location="${basedir}/lib/pegdown-1.6.0.jar"/>
        <path refid="idluaerrors.runtime.production.module.classpath"/>
        <path refid="idluahelp.runtime.production.module.classpath"/>
    </path>

    <path id="idlua.module.classpath">
        <pathelement location="${idlua.output.dir}"/>
        <pathelement location="${basedir}/lib/kahlua-core.jar"/>
        <pathelement location="${basedir}/lib/kahlua-j2se.jar"/>
        <pathelement location="${basedir}/lib/jsyntaxpane-0.9.5.jar"/>
        <pathelement location="${basedir}/lib/asm-5.0.4.jar"/>
        <pathelement location="${basedir}/lib/asm-analysis-5.0.4.jar"/>
        <pathelement location="${basedir}/lib/asm-tree-5.0.4.jar"/>
        <pathelement location="${basedir}/lib/asm-util-5.0.4.jar"/>
        <pathelement location="${basedir}/lib/parboiled-core-1.1.7.jar"/>
        <pathelement location="${basedir}/lib/parboiled-java-1.1.7.jar"/>
        <pathelement location="${basedir}/lib/pegdown-1.6.0.jar"/>
        <pathelement location="${idluaerrors.output.dir}"/>
        <pathelement location="${idluaerrors.testoutput.dir}"/>
        <pathelement location="${idluahelp.output.dir}"/>
        <pathelement location="${idluahelp.testoutput.dir}"/>
    </path>

    <path id="idlua.runtime.module.classpath">
        <pathelement location="${idlua.output.dir}"/>
        <pathelement location="${idlua.testoutput.dir}"/>
        <pathelement location="${basedir}/lib/kahlua-core.jar"/>
        <pathelement location="${basedir}/lib/kahlua-j2se.jar"/>
        <pathelement location="${basedir}/lib/luaj-jse-3.0.jar"/>
        <pathelement location="${basedir}/lib/jsyntaxpane-0.9.5.jar"/>
        <pathelement location="${basedir}/lib/asm-5.0.4.jar"/>
        <pathelement location="${basedir}/lib/asm-analysis-5.0.4.jar"/>
        <pathelement location="${basedir}/lib/asm-tree-5.0.4.jar"/>
        <pathelement location="${basedir}/lib/asm-util-5.0.4.jar"/>
        <pathelement location="${basedir}/lib/parboiled-core-1.1.7.jar"/>
        <pathelement location="${basedir}/lib/parboiled-java-1.1.7.jar"/>
        <pathelement location="${basedir}/lib/pegdown-1.6.0.jar"/>
        <path refid="idluaerrors.runtime.module.classpath"/>
        <path refid="idluahelp.runtime.module.classpath"/>
    </path>


    <patternset id="excluded.from.module.idlua">
        <patternset refid="ignored.files"/>
    </patternset>

    <patternset id="excluded.from.compilation.idlua">
        <patternset refid="excluded.from.module.idlua"/>
    </patternset>

    <path id="idlua.module.sourcepath">
        <dirset dir="${module.idlua.basedir}">
            <include name="src"/>
            <include name="resources"/>
        </dirset>
    </path>

    <path id="idlua.module.test.sourcepath">
        <dirset dir="${module.idlua.basedir}">
            <include name="test"/>
        </dirset>
    </path>


    <target name="clean.module.idlua" description="cleanup module">
        <delete dir="${idlua.output.dir}"/>
        <delete dir="${idlua.testoutput.dir}"/>
    </target>

    <property name="idlua.plugin.path.jar" value="${module.idlua.basedir}/IDLua.zip"/>

    <!-- Build archive for plugin 'IDLua' -->
    <target name="plugin.build.jar.idlua" description="Build plugin archive for module &apos;IDLua&apos;">
        <property name="tmp.dir.idlua" value="${module.idlua.basedir}/../temp/IDLua"/>
        <mkdir dir="${tmp.dir.idlua}"/>
        <mkdir dir="${tmp.dir.idlua}/lib"/>
        <mkdir dir="${tmp.dir.idlua}/help"/>
        <mkdir dir="${tmp.dir.idlua}/stdlibrary"/>
        <mkdir dir="${tmp.dir.idlua}/mobdebug"/>
        <mkdir dir="${tmp.dir.idlua}/remdebug"/>
        <mkdir dir="${tmp.dir.idlua}/listing"/>
        <jar destfile="${tmp.dir.idlua}/help/IDLuaHelp.jar" duplicate="preserve">
            <zipfileset dir="${module.idlua.basedir}/help"/>
        </jar>
        <jar destfile="${tmp.dir.idlua}/lib/IDLua.jar" duplicate="preserve">
            <zipfileset dir="${module.idlua.basedir}/out/production/IDLua"/>
            <zipfileset dir="${module.idlua.basedir}/out/production/IDLuaErrors"/>
            <zipfileset dir="${module.idlua.basedir}/META-INF" prefix="META-INF"/>
            <manifest>
                <attribute name="Created-By" value="IntelliJ IDEA"/>
                <attribute name="Manifest-Version" value="1.0"/>
            </manifest>
        </jar>
        <copy todir="${tmp.dir.idlua}/stdlibrary">
            <fileset file="${stdlibrary.output.dir}/*"/>
        </copy>
        <copy todir="${tmp.dir.idlua}/listing">
            <fileset file="${listing.output.dir}/*"/>
        </copy>
        <copy todir="${tmp.dir.idlua}/mobdebug">
            <fileset dir="${mobdebug.output.dir}" includes="**/*"/>
        </copy>
        <copy file="${module.idlua.basedir}/lib/luaj-jse-3.0.jar" tofile="${tmp.dir.idlua}/lib/luaj-jse-3.0.jar"/>
        <copy file="${module.idlua.basedir}/lib/kahlua-j2se.jar" tofile="${tmp.dir.idlua}/lib/kahlua-j2se.jar"/>
        <copy file="${module.idlua.basedir}/lib/jsyntaxpane-0.9.5.jar"
              tofile="${tmp.dir.idlua}/lib/jsyntaxpane-0.9.5.jar"/>
        <copy file="${module.idlua.basedir}/lib/kahlua-core.jar" tofile="${tmp.dir.idlua}/lib/kahlua-core.jar"/>
        <copy file="${module.idlua.basedir}/lib/asm-5.0.4.jar" tofile="${tmp.dir.idlua}/lib/asm-5.0.4.jar"/>
        <copy file="${module.idlua.basedir}/lib/asm-analysis-5.0.4.jar" tofile="${tmp.dir.idlua}/lib/asm-analysis-5.0.4.jar"/>
        <copy file="${module.idlua.basedir}/lib/asm-tree-5.0.4.jar" tofile="${tmp.dir.idlua}/lib/asm-tree-5.0.4.jar"/>
        <copy file="${module.idlua.basedir}/lib/asm-util-5.0.4.jar" tofile="${tmp.dir.idlua}/lib/asm-util-5.0.4.jar"/>
        <copy file="${module.idlua.basedir}/lib/parboiled-core-1.1.7.jar" tofile="${tmp.dir.idlua}/lib/parboiled-core-1.1.7.jar"/>
        <copy file="${module.idlua.basedir}/lib/parboiled-java-1.1.7.jar" tofile="${tmp.dir.idlua}/lib/parboiled-java-1.1.7.jar"/>
        <copy file="${module.idlua.basedir}/lib/pegdown-1.6.0.jar" tofile="${tmp.dir.idlua}/lib/pegdown-1.6.0.jar"/>
        <zip destfile="${idlua.plugin.path.jar}">
            <fileset dir="${module.idlua.basedir}/../temp"/>
        </zip>
        <delete dir="${tmp.dir.idlua}"/>
        <concat>
            <filelist dir="${module.idlua.basedir}/META-INF/" files="plugin.xml"/>
        </concat>
    </target>

    <target name="init" description="Build initialization">
        <!-- Perform any build initialization in this target -->
    </target>

    <target name="clean" depends="clean.module.idluaerrors, clean.module.idluahelp, clean.module.idlua"
            description="cleanup all"/>
</project>